rating,comment_processed
1,tiny toon kept vibe delivered one popular funny underrated cartoon ever created
1,love authentic mexican food want whole bunch interesting yet delicious meat choose need try place
0,someone strives greatness poetry delivers muddled often ridiculous story bunch disparate scene pretentious dialogue get worst kind movie reviewer accurately defined pretentious crap
0,mediocre food
0,frozen margarita way sugary taste
1,waitress friendly
0,place disgusting
1,highly recommend movie anyone interested art poetry theater politics japanese history
0,translating movie living first movie year working experience found offensive intelligence
1,duet astronaut doctor beginning movie perfect exchange one considers movie made well cold war astronaut biggest fear crashed ussr
1,could serve vinaigrette may make better overall dish still good
0,every time opened mouth expect hear see kid pulling plug mercy killing horrible show
0,google mediocre imagine smashburger pop
1,punishment park brilliant piece cinema
0,not funny
0,never bland food surprised considering article read focused much spice flavor
0,course acting blah
1,food good service good price good
1,gloriously fun fast paced fairly accurate portrayal night raver
1,see film
0,script horrendously stupid
1,not wait go back
0,poor batter meat ratio made chicken tender unsatisfying
0,possible way movie could redeemed would mst k fodder
0,acting suck music suck script suck pacing suck special fx suck directing suck basically movie suck
0,plot pretty much every cheap horror
0,never go
0,pricing bit concern mellow mushroom
0,also story acting weak
1,cast veteran actor nostalgia trip
0,waiter not helpful friendly rarely checked u
1,entertaining nonetheless
0,waaaaaayyyyyyyyyy rated saying
0,total brunch fail
1,plethora salad sandwich everything tried get seal approval
0,probably one people ever go ians not like
0,ordered old classic new dish going time sorely disappointed everything
0,not return
1,good job quite amusing
1,cast great
0,came free dvd player bought still turned thing halfway embarrassed howell
0,even allowing poor production value time format kind mini series baaaaaad
1,yes film require rather significant amount puzzle solving piece fit together create beautiful picture
1,place
1,say film excellently produced top rating typical sci fi film
1,love place hit spot want something healthy not lacking quantity flavor
0,thing went wrong burned saganaki
0,walked place smelled like old grease trap others eating
1,awesome
1,people first timer film making think excellent job
1,food came good pace
0,total waste time
0,see probably leave shelf
1,actor truly understand become particular character delivering convincing sincere performance
0,even woman finally show no sign improvement expected thing happen time film might far asleep
0,show would begin smart as ed comment would totally wall uncalled
1,han nan chicken also tasty
1,eclectic selection
1,price reasonable flavor spot sauce home made slaw not drenched mayo
0,bad experience
0,came back today since relocated still not impressed
1,great service food
0,chip came dripping grease mostly not edible
0,needle say not going back anytime soon
1,staff super nice quick even crazy crowd downtown jury lawyer court staff
0,bad day not low tolerance rude customer service people job nice polite wash dish otherwise
0,slow moving aimless movie distressed drifting young man
0,appetite instantly gone
1,not know emilio estevez directorial debut pacing interplay development character well clever camera work surrounding character estevez play suggest natural eye
1,acting fantastic story seamlessly woven together dog splendid must rent view see
0,never brought salad asked
0,disappointing dinner went elsewhere dessert
1,worth driving tucson
1,food great always compliment chef
0,potato chip order sad could probably count many chip box probably around
0,storm trooper not even bad enough make list wonderfully terrible movie
1,watch preparing delicious food
0,nothing authentic place
0,not think ever gone movie disliked much
0,overall disappointed quality food bouchon
1,structure film easily tightly constructed history cinema
0,not know happened season five mess
1,deal included tasting drink jeff went beyond expected
1,food outstanding price reasonable
0,food not good
0,not
0,case bad laughable
0,not believe even sequel
0,awful dialogue hopeless overacting everyone get shot top real waste space time
1,liked way dustin hoffman character ready everything stay son
1,really liked
0,saw theater thought going sick
0,not much flavor poorly constructed
1,really fantastic thai restaurant definitely worth visit
1,potato great biscuit
1,give film
1,love put food nice plastic container opposed cramming little paper takeout box
1,movie great especially enjoy visual art
0,place not clean food oh stale
0,real disappointment waiter
1,nice relaxing late night viewing
0,refried bean came meal dried crusty food bland
0,god never get minute back
1,showed exactly government scientist argued humanity reason gadget
0,selection food not best
0,possible movie get worse
0,delete film mind
0,worst martini ever
0,terrible management
1,recommended friend
0,full unconvincing cardboard character blandly written edward chodorov also produced surprisingly directed jean negulesco one would expect great deal
1,pretty satifying experience
0,film lack convincing script
1,toro tartare cavier extraordinary liked thinly sliced wagyu white truffle
1,good side staff genuinely pleasant enthusiastic real treat
1,tapa dish delicious
1,back
1,film deserves strong kudos taking stand exceptional acting mostly lesser known cast super intelligent script not insult audience take easy way come white racism
0,ordered toasted english muffin came untoasted
0,film lack real scare tension medical terminology used throughout bit iffy say least say insulin dependant diabetic
1,acting alongside olivia de havilland brilliant ending fantastic
0,no actress worse used june allison movie
0,generally lacked imagination
1,always known errol flynn brilliant actor dad favourite actor grew watching film child
1,generous portion great taste
1,saw short film hbo day absolutely loved
0,speaking music unbearably predictably kitchy
1,decor nice piano music soundtrack pleasant
1,want real scare rent one
0,waited hour never got either pizza many around u came later
0,half way film started dislike
0,sadly gordon ramsey steak place shall sharply avoid next trip vega
1,not gone go
0,mean really get famous fish chip terrible
1,nothing short magnificent photography cinematography film
0,service extremely slow
1,fact film wonderful heartwarming tale two people chasing dream
1,omg felt like never eaten thai food dish
0,negative insipid enough cause regret another hour life wasted front screen
0,husband said rude not even apologize bad food anything
0,flat reenactment not hold attention emotionally adrift stagy
0,character stagey storyline lot like stage farce
0,let girlfriend talk seeing bad idea hated
1,aerial scene well done
0,movie solid example bad plot bad idea way
1,couple month later returned amazing meal
0,plantain worst ever tasted
1,movie creates universe fascinating every way
0,know contract player little control script acting bad script
0,mean realistic world would never gotten ballet repertory whole thing quite pathetic
1,kieslowski never cease amaze
0,not filmmaker nor director would hide head sand spent whatever amount money time movie
1,recently tried caballero back every week since
1,pretty awesome place
1,success film depends casting sydney greenstreet alexander yardley character
0,seen soap opera intelligent movie
1,great restaurant mandalay bay
0,bela lugosi totally extraneous intoning odd line
1,jamaican mojitos delicious
1,attractive set used throughout film eye pleasing gem
0,not see movie inspiration anyone come overcome fear rejection
1,heard good thing place exceeding every hope could dreamed
1,found move beautiful enjoyable uplifting
0,not eating
0,packed
1,believe screenwriter good job tying loose end
1,customize order way like usual eggplant green bean stir fry love
1,every time eat see caring teamwork professional degree
0,best example dumb writing established turn zombie student back human removing necklace containing piece meteorite
1,especially liked non cliche choice parent movie could predict dialog verbatim writing movie made better selection
1,main player mesmerising
1,chicken deliciously seasoned perfect fry outside moist chicken inside
0,also decided not send back waitress looked like verge heart attack
1,not know exactly movie latched endearing movie become special part family memory
0,central theme film handled ineptly stereotypically no depth imagination
1,sooooo good
0,acting bad dialog extremely shallow insincere
1,go place gyro
0,rating grade z note show bad even mother cast pull daughter show
0,not eating
0,not know slow
1,film great actor master director significant theme least would significant theme undertone fifty existential world weariness aerial scene ought thrilled sens imagination character one might deeply care
0,salad bland vinegrette baby green heart palm
0,not rolled eye may stayed not sure go back try
1,grilled chicken tender yellow saffron seasoning
1,film well paced understated one best courtroom documentary seen
1,julian fellowes triumphed
1,enjoy pizza brunch
0,two felt disgusting
1,not expect good
0,plot derivative predictable ending like mercy killing
0,perhaps caught night judging review not inspired go back
0,also ordered spinach avocado salad ingredient sad dressing literally zero taste
1,second appearance mickey mouse following silent plane crazy earlier year probably famous film mostly ground breaking
1,anyway f restaurant wonderful breakfast lunch
1,truly take journey eye soul child
1,regular toasted bread equally satisfying occasional pat butter mmmm
1,restaurant atmosphere exquisite
0,movie seemed drag hero not really work freedom
1,come back every time vega
0,warn not rent movie dumbest thing never seen
1,overall delight
1,hitchcock great director
1,saw movie today thought good effort good message kid
0,even squib look awful
1,totally different load understatement black comedy film get see remember
1,good commentary today love undoubtedly film worth seeing
0,none engaging exciting
0,live music friday totally blow
1,cocktail handmade delicious
1,cinematography noteworthy including fine view barcelona famed gaudi tower
1,great film great director
0,story beyond stupid
0,similarly delivery man not say word apology food minute late
0,not think ever seen movie half boring self indulgent piece junk
1,good plot hold complete attention acting superb tom wilkinson fantastic emily watson also good
1,absolutely amazing
0,grandmother make roasted chicken better one
0,malta setting dry barren dialogue
0,end day one worst big budget action movie ever seen
0,short film certainly pull no punch
0,conclusion not bother movie volcano los angeles nothing nonsense
1,put gem movie term screenplay cinematography acting post production editing directing aspect film making
1,omg food delicioso
0,coming like experiencing underwhelming relationship party not wait person ask break
0,one disappointing aspect lack notable gore
1,definitely worth venturing strip pork belly return next time vega
0,movie make lot serious mistake
1,server fantastic found wife love roasted garlic bone marrow added extra meal another marrow go
1,spoiler whatever else not said surface superbly crafted
0,flick doomed conception
1,brilliance indeed
1,must say taped episode find watching
0,yes bad
0,chicken got definitely reheated ok wedge cold soggy
0,ri style calamari joke
1,waitress manager friendly
0,never ever go back told many people happened
0,movie terrible
1,loved mussel cooked wine reduction duck tender potato dish delicious
0,not sure long stood long enough begin feel awkwardly place
1,pretty funny
0,done second movie
1,table service pretty fast
1,loved friendly server great food wonderful imaginative menu
0,avoid cost
1,like steiner dark feel like bar
1,elia koteas jack palance play good role angelina hot get naked billy drago appears cool usual cameo sven ole thorsen help make enjoyable movie good acting decent budget
0,bad actually worth seeing reason
0,not sure trying film
0,rave review not wait eat disappointment
0,sort pap screened afternoon punish unemployed not job
0,omit watching
0,lady table next u found live green caterpillar salad
0,movie really dislike
1,seafood fresh generous portion
1,first time ever came amazing experience still tell people awesome duck
0,tragedy struck
0,poor actor
1,rotating beer tap also highlight place
1,oh thing beauty restaurant
1,say canada fun game aye
1,jimmy stewart ever great hero hitchcock story rip along cool climax embassy function lack brooding menace hitchcock black white low budget original
1,one favourite director one talented director history cinema
0,annoying thing cover girl way rita hayworth put pedestal
1,thing considered job well done
0,evening drastically sick
0,indescribably annoying idiotic show ever seen
1,menu diverse reasonably priced
1,opening sequence gem classic cat n mouse game follow delight watch
1,nice ambiance
0,many close ups
1,not cult cult classic
1,restaurant clean family restaurant feel
0,someone involved knew string together narrative
1,dish salmon best great
1,ever indication writer director ability meld two highly volatile temperament seamless union creativity
0,however not make fact overall tremendously boring movie
1,food amazing
0,furthermore not even find hour operation website
0,weird vibe owner
1,lot beautiful place
1,boyfriend tried mediterranean chicken salad fell love
1,today first taste buldogis gourmet hot dog tell ever thought possible
1,pizza good peanut sauce tasty
0,not wasted enough life poured salt wound drawing time took bring check
1,baby owl adorable
0,selection probably worst seen vega none
0,one note ventilation could use upgrading
0,pulled car waited another minute acknowledged
1,continuously beautiful look bertolucci relationship convincing narrative engaging master work
0,gotten much better service pizza place next door service received restaurant
1,everything film simply incredible
0,artless camera work endlessly present u ugliest setting imaginable e
0,server suck wait correction server heimer sucked
1,service exceptional food good review
0,felt asleep first time watched recommend insomniac
0,scene debated whether not sack trumpeter falsely accused murder pure horror really stupid
1,stay vega must get breakfast least
1,character interesting really care
1,knew saw film great thing come gifted actor
1,nicest chinese restaurant
0,waitress little slow service
0,super pissd
0,immediately said wanted talk manager not want talk guy shot fireball behind bar
1,one best mexican movie ever one le understood even mexican no matter identified felt
1,okay like consider fair critic give credit credit due creature effect actually pretty cool
1,love fact everything menu worth
0,extremely rude really many restaurant would love dine weekend vega
1,shot southern california desert using patent faux documentary style watkins creates film like no
0,often dialogue not really follow one line another fit surroundings
1,join club get awesome offer via email
0,consider theft
1,food good enjoyed every mouthful enjoyable relaxed venue couple small family group etc
0,minute wait got table
1,want movie not gross give chill great choice
0,saw mirrormask last night unsatisfactory experience
1,side cafe serf really good food
1,love scream movie horror movie one rank way
0,suspense feeling frustration retarded girl
0,unfortunately cover girl example hollywood used exploit woman financial gain
0,plot well said let one go
1,everything acting cinematography solid
1,see
1,good service check
1,interesting decor
1,four star food guy blue shirt great vibe still letting u eat
0,ordered albondigas soup warm tasted like tomato soup frozen meatball
0,burger got gold standard burger kind disappointed
1,pure brilliance
0,surely not know make coherent action movie screenwriter air force one obliged write script big sum money
1,still make super ending depicts great sea vessel taken mighty frost
0,ryan bar definitely one edinburgh establishment not revisiting
0,place overpriced not consistent boba really overpriced
1,day week different deal delicious
0,turn good day feeling night disturbing memory guess succeeded
1,one peter watkins accessible film
0,not easy watch
0,mac salad pretty bland not getting
0,probably not hurry go back
0,paying hot dog fry look like came kid meal wienerschnitzel not idea good meal
0,film try serious sophisticated thriller horror flick fails miserably
1,thing four kid get absolutely hilarious watch
1,everything good tasty
1,soundtrack not terrible either
1,conclusion filling meal
0,guy said better dialogue potted plant right
0,hockey scene terrible defensemen playing like year old goalie diving shot foot wide net etc
0,spend money elsewhere
1,really created unique feeling though
1,judith light one favorite actress think superb job film
0,never walked movie faster
0,story line awful
0,superficial movie gave feeling watching play rather film
0,work hospitality industry paradise valley refrained recommending cibo longer
1,movie interesting beginning end
0,not much seafood like string pasta bottom
0,recently witnessed poor quality management towards guest well
1,actor give wonderful performance especially jennifer rubin jamie harris change nervous starlet beginning strange event part cool star
0,brother law work mall ate day guess sick night
1,highlight great quality nigiri
0,show made american stupid full hatred clich admitted elsewhere
0,watched waiter pay lot attention table ignore u
1,big fan series mostly due anne rice style sensitivity treatment
1,damian talented versatile many way writing portraying different character screen
1,always pleasure dealing
0,food way overpriced portion fucking small
0,overall movie cheap trash
0,word embarrassing
1,leave theater wanting go dance star
1,feel good film felt came cinema
1,thought errol flynn brilliant custer since become favourite actor
0,not enough mess movie picture also marred constant use studio set indoor exterior
0,waited forty five minute vain
0,however recently watched whole thing dvd completely struck extremely stupid storyline contained hole inconsistency frankly whole lot crap horrid dancing
0,unfortunately inexperience direction meant scene scene passed little way dramatic tension conflict
0,consistent thread holding series together amazing performance leni parker anita laselva two taelons quiet idealogical conflict
1,food arrived quickly
1,highly entertaining angle
1,also combo like burger fry beer decent deal
1,ending perfect shed tear
1,generally great thing
1,rocked world certainly must see anyone no social physical outlet
0,bad lost heart finish
1,memory murky say enjoyed every single episode product related show
1,not fun experience
0,either way suck
0,crostini came salad stale
0,fact stinker smell like direct video release
1,watching film wanted learn work artist
1,think no film something vitally important occurs every minute
0,summary largely disappointing dining experience
0,top line not waste time money one bad come
0,average acting main person low budget clearly see
1,definitely worth seeing sort thought provoking film force question threshold loneliness
0,swung give try deeply disappointed
1,favorite place town shawarrrrrrma
0,not anything one big yawn
1,right case movie delivers everything almost right face
0,script big flawed mess
1,really enjoyed crema caf expanded even told friend best breakfast
0,con spotty service
1,ambience perfect
0,paid bill not tip felt server terrible job
1,think film like dream
1,kid pizza always hit lot great side dish option kiddos
1,different cut piece day still wonderful tender well well flavored
1,good going review place twice hereas tribute place tribute event held last night
1,recommend confidence
0,would not go back
0,food average
1,loved
1,definitely come back
1,definitely cult classic well worth viewing sharing others
1,good lunch spot
0,not go back
0,extremely crumby pretty tasteless
1,update went back second time still amazing
1,amazing finale possibly best trilogy time
1,shrimp tender moist
0,blew
1,also served hot bread butter home made potato chip bacon bit top original good
0,lighting awful
0,one character totally annoying voice give feeling fingernail chalkboard
0,whatever prompted documentary beyond
1,bathroom next door nice
1,really want make experience good one
1,dish quite flavourful
0,awful
0,recommend waiting future effort let one go
0,wife hated meal coconut shrimp friend really not enjoy meal either
0,shower area outside rinse not take full shower unless not mind nude everyone see
0,place way overpriced mediocre food
1,saw film christmas great film
0,pan cake everyone raving taste like sugary disaster tailored palate six year old
0,not act one least scary villain ever seen not write write damn movie sleep
1,film succeeds despite perhaps obviously meagre budget
1,warmth generates contrast austere backdrop
0,would not recommend others
0,trouble writing directing make impossible establish thing make movie watchable like character story theme
0,better atmosphere
0,not movie making
1,ray charles life provided excellent biographical material film go well beyond another movie musician
0,let start problem acting especially lead professor bad
0,agree jessica movie pretty bad
1,glad found place
1,technically film well made impressive camera work solid acting effective music riz ortolani particularly good recurring unaccompanied female vocal sound like coming distant hill
1,deserves strong love
1,great character actor telly savalas peter boyle
1,call nut think one best movie ever
1,use colour french flag three film nothing short incredible every shot every scene like work art
1,advise look
1,today second time lunch buffet pretty good
0,sad
0,sure beat nacho movie would expect little bit coming restaurant
1,world better garbage theatre today
1,fantastic service
1,great way finish great
1,boyfriend sat bar completely delightful experience
0,waited thirty minute seated although vacant table folk waiting
1,salad wing ice cream dessert left feeling quite satisfied
1,awesome movie bought ebay
1,selection menu great price
0,tonight elk filet special sucked
0,unfortunately not good
0,no setting
0,started review two star editing give one
1,excellent drama excellent thriller excellent film
1,mature subtle script suggests occasionally brings dramatic focus underlying tension well served perfect performance apart odd inappropriate smiling keira knightley prone though perhaps direction time character often mention
1,love decor chinese calligraphy wall paper
1,nevertheless yet another wonderful film great master stable
1,wont regret
0,call steakhouse not properly cook steak not understand
0,widmark character turn unintentionally comical
0,seriously not worth wasting kid time
0,eew location need complete overhaul
1,also best cheese crisp town
1,child truly enjoyed show proudly say enjoyed big time even classical wb cartoon
0,far sushi connoisseur definitely tell difference good food bad food certainly bad food
0,not waste time
0,reading please not go
0,originality freshness first movie spent remake little else offer
1,screen presence shined thought even though senior actor screen
0,saw movie thought stupid movie
0,asked bill leave without eating not bring either
0,not back
0,not really sure joey voted best hot dog valley reader phoenix magazine
1,also taste mom multi grain pumpkin pancake pecan butter amazing fluffy delicious
1,loved biscuit
0,forced like everything movie
1,acting expect cast top notch
0,story start fast absolutely no suspense build slightest
0,not good
0,visual effect awful
0,new character not memorable found forgetting
1,yellowtail carpaccio melt mouth fresh
1,point journey journey touch every member family
0,directing seems pretentious
0,serious spoiler movie huge disappointment
0,bit sweet not really spicy enough lacked flavor
1,also notable john bailey fine crisp beautifully colored cinematography great production design costume eiko ishioka went memorable costume coppola dracula received well deserved oscar
0,main also uninspired
0,finally get ending would great handled competent people not jerry falwell
0,totally unnecessary train roller coaster scene
0,seafood limited boiled shrimp crab leg crab leg definitely not taste fresh
0,drink took close minute come one point
0,particularly remember sens assaulted strident cord music would blare little warning even le meaning
1,absolutley fantastic
0,absolutely no warmth charm scene character
0,short monumental waste time energy would not recommend anyone ever see film
1,come hungry leave happy stuffed
0,bland flavorless good way describing barely tepid meat
0,much good food vega feel cheated wasting eating opportunity going rice company
1,penne vodka excellent
0,ordered double cheeseburger got single patty falling apart picture uploaded yeah still suck
0,no point proceeding look remotely like america
1,however paul schrader indeed made film mishima superb complex
1,interesting part town place amazing
1,three visually appealing movie ever seen
0,football scene end perplexing
0,unfortunately must hit bakery leftover day everything ordered stale
1,rank highly great noir crime drama incredible performance belmondo lino ventura
0,story lame not interesting never really explains sinister origin puppet
1,ordered lemon raspberry ice cocktail also incredible
1,great place relax awesome burger beer
0,bad well bad
1,song could explain emotion subject better jay adam unfortunate life subject talk song old man neil young played evokes many emotion
0,hate thing much cheap quality black olive
1,even sweet moment
1,everything menu terrific also thrilled made amazing accommodation vegetarian daughter
0,basic premise wasted since sidelined inexplicable focus documentary crew
1,not think better way end film smile face great way wrap amazing film trilogy
1,burger amazing
0,kid annoying
0,way expensive
0,shame see good actor like thomerson james make living mess like
0,piece cinematic garbage captured celluloid
0,attempt humor pitiful story awful dosen not bear thinking basically involves vulcan stealing enterprise find god seriously not care film oh not mention uhura belly dance distract male guard
1,convenient since staying mgm
0,sometimes embarrassing look away
1,ambience wonderful music playing
0,paid much
0,secondary plot line incomprehensible relation primary plot line mystifying
0,victor mclaglen even bad brian donlevy almost unrecognizable
0,really impressive place not closed
1,applause given prelude however
1,said mouth belly still quite pleased
1,movie excellent job revealing complexity task incredible challenge facing south africa
1,sad movie good
0,love sushi found kabuki priced hip service
0,not tasty texture nasty
1,character interesting even bit predictable
0,premise film ridiculous president u
1,people like european film art movie like movie
0,not bother coming
0,empty hollow shell movie
0,dessert bit strange
1,block amazing
1,several time past experience always great
0,staff spends time talking
0,set bad not look place thunderbird episode
0,not think running back carly anytime soon food
0,result film not look right
0,story line totally predictable
1,highly recommended age although younger set probably not appreciate subtle reference certainly appreciate one galley scene particular
0,kept getting worse worse officially done
0,hate movie like
0,hate writing bad review film especially really like star film bad not believe one second anyone could proud
0,literally sat minute no one asking take order
1,daily special always hit group
1,one movie need see whenever come tv never mind fact already memorized
1,steve martin delivers really funny performance middle aged upper class uptight white guy
0,slow seating even reservation
1,long time not see charismatic actor screen
1,not single sour note struck acting wise either surprisingly solid casting
0,line cut audio everything wrong
0,could not understand kind idiot would produce mess first place not mention several season
1,overall film interesting thought provoking
1,steak shrimp opinion best entree gc
0,based sub par service received no effort show gratitude business not going back
1,secondly hitchcock pretty much perfected thriller chase movie
0,really made unwatchable direction
1,cast always entertaining usual
1,aailiyah pretty good akasha place compelling first entrance mini dance scene
1,story also funny poignant time
1,place amazing
1,not realize wonderful short really last two scene
0,accent absolutely abysmal
1,looking movie terrific cast good music including shirley jones rendition way look tonight uplifting ending give one try
1,black eyed pea sweet potato unreal
0,shocked no sign indicate cash
0,maybe not cold would somewhat edible
1,love go back
0,first enough racial stereotype racial joke offend everyone
1,im az time new spot
0,not return
0,lot hole script
1,would casted role ready script
1,writer smack think best actor actress bonus show character real
1,role played well
0,not coming back
1,want healthy authentic ethic food try place
1,love fry bean
1,never condescends character good genuine heart believable problem
1,phenomenal food service ambiance
0,really nothing postinos hope experience better
1,lighting dark enough set mood
0,bad cause know family owned really wanted like place
0,worst service boot least worry
0,think not
1,server super nice checked u many time
1,one movie never cease interest simply keep alert try attempt decipher meaning
0,pathetic attempt give character depth not really work rest plot
0,attempting artiness black white clever camera angle movie disappointed became even ridiculous acting poor plot line almost non existent
1,service prompt
0,rather eat airline food seriously
0,avoid avoid avoid
1,best breakfast buffet
0,waiter jerk
0,plot nonsense not interest slightest way uniqueness
0,rating
0,kid play area nasty
1,wow spicy delicious
1,mention huge spoiler loved ending character three film remaining survivor ferry disaster valentine young judge together old man watching tv solidifying happiness suffering dealt many year
1,go see
0,every element story top excessively phony contrived painful sit
0,dont go
1,veggitarian platter world
1,one bite hooked
0,even talented carrell not save
0,never treated bad
0,not tell disappointed
1,price reasonable service great
0,worse humiliated worker right front bunch horrible name calling
1,regular stop trip phoenix
1,overall like food service
0,movie suffered writing needed suspense
0,plot simply rumble like machine desperately depending addition new scene
1,actually smart movie
0,guess supposed clever twist shed light situation stupid
1,summer dine charming outdoor patio delightful
0,never go back place never ever recommended place anyone
1,service super friendly
0,soggy not good
0,total letdown would much rather go camelback flower shop cartel coffee
1,perfect someone like beer ice cold case even colder
1,clear range ability pull part
0,act film glad gon na drift away earth far possible
0,rated
1,server nice even though looked little overwhelmed need stayed professional friendly end
0,spaghetti nothing special whatsoever
1,original body soul masterpiece
1,however seeing short year amazed timeless film actually
0,buffet small food offered bland
0,disappointing
1,great dinner
0,three different occasion asked well done medium well three time got bloodiest piece meat plate
0,food came disappointment ensued
0,never ever go back
1,cinematography film shot interesting way
1,not know kind best iced tea
0,movie boring sometimes found occupied peaking paper instead watching never happened columbo movie
1,linda cardellini thing good film
0,place deserves one star food
1,special mention made superb music score sound effect integral element helping make memorable enjoyable cartoon
1,one best movie show strong sibling bond
0,schrader made resume full lousy amateurish film
1,long time since entertained movie
1,place jewel la vega exactly hoping find nearly ten year living
0,disappointing
1,server nice attentive serving staff
0,not waste money
0,acting even professional drago debbie rochon terrible directing worse perhaps contributory former dialog chimp like camera work barely tolerable
0,acting bad
1,cr pe delicate thin moist
1,extraordinary film
1,service excellent price pretty reasonable considering vega located inside crystal shopping mall aria
0,not even get started jerky camerawork
1,best place go tasty bowl pho
1,vegetable fresh sauce feel like authentic thai
1,much interesting action suspense le unneeded controversy
1,lordy khao soi dish not missed curry lover
1,constantine give everything right intensity seems good understanding underlying psychological motivation
1,thought venture away get good sushi place really hit spot night
1,good film great director
1,owner really great people
0,checked place couple year ago not impressed
0,small not worth price
1,sat right time server get go fantastic
1,chef generous time even came around twice take picture
1,great music terrific scenery
0,friend pasta also bad barely touched
0,also enough hypocrisy film make vomit
0,burger absolutely no flavor meat totally bland burger overcooked no charcoal flavor
0,ripped banana not ripped petrified tasteless
0,hot dish not hot cold dish close room temp watched staff prepare food bare hand no glove everything deep fried oil
1,found place accident could not happier
0,use slow motion needlessly repeat throughout movie well backed bad acting bad kind word no continuity scene thrown no reason whatsoever vehicle looked like made corn flake box directorial style bordered stupidity
1,always evening wonderful food delicious
1,great subway fact good come every subway not meet expectation
1,stunning movie
1,adorable seeing mickey playing turkey straw highly imaginative occasionally cruel way
1,thing like prime rib dessert section
0,film ultra cheap look
0,service poor thats nice
1,also real treat see anthony quinn playing crazy horse
0,like reviewer said not pay eat place
0,bad script bad direction horrible acting make one plain bad
0,order arrived one gyro missing
1,would give television series plus could
0,meat pretty dry sliced brisket pulled pork
0,disappointed wondered could oscar shortlist
1,omelet die
1,flair bartender absolutely amazing
1,sweet potato tot good onion ring perfection close
1,pleased know modern day genius letting passion art drive taking u audience
1,fianc came middle day greeted seated right away
1,share general loewenhielm exquisite joy partaking cailles en sarcophage even though watching movie wish small sample savor
0,honest unbelievable nonsense foolish
1,
1,see kid chance open amazing dialog far race relation come last year
0,mistake
1,saw child tv back stranger loved
0,first time might last
1,bartender also nice
0,hate disagree fellow yelpers husband disappointed place
0,not waste time
0,not busy either also building freezing cold
1,got enjoy seafood salad fabulous vinegrette
0,minute waiting salad realized not coming time soon
0,plot hole pair fishnet stocking direction editing astonishingly ham fisted
0,ten minute film started second thought
0,two bite refused eat anymore
0,probably never coming back not recommend
1,waitress sweet funny
1,character interesting want find longer movie go think people surprised not make
1,not yet hear mickey speak ton sound effect music throughout film something take granted huge crowd pleaser
1,great pizza salad
1,great food awesome service
1,movie excellent angel beautiful scamp adorable little yelp he scared funniest part scamp caught curtain angel scamp singing ive never feeling totally recommend movie coming special edition june cover scamp garbage angel underneath lid
0,fella got huevos rancheros not look appealing
0,tasted like dirt
1,early film future goremeister lucio fulci good addition giallo sub genre
1,movie received great quality film age
0,hell no go back
1,story powerful exploration nature man art
0,want wait mediocre food downright terrible service place
0,acting involved includes like shatner nimoy bad washed making seem old look real life special effect tacky like spock rescue kirk jet pack fall mountain
0,directing cinematography not quite good
1,came running u realized husband left sunglass table
0,worst one series
0,service give no star
0,not back
0,movie bad
0,never heard except cole totally unbelievable part
1,funny
0,pandering audience sabotage film
1,humour get get day apt
1,good thing waiter helpful kept bloddy mary coming
0,hour seriously
0,many problem dont know start
0,horrible
1,food really good got full petty fast
0,chain no fan beat place easily
0,hard judge whether side good grossed melted styrofoam not want eat fear getting sick
1,acting help writing along well maybe idiot savant sister could played better real joy watch
1,gave star giving star
0,food not bad enough enjoy dealing world worst annoying drunk people
1,monster chicken fried steak egg time favorite
0,no plot keep going first place
1,movie awesome
0,lacked flavor seemed undercooked dry
1,pancake also really good pretty large
0,director paul matthew also wrote directed weak monster movie grim clearly not know pace film
0,ground right next table large smeared stepped tracked everywhere pile green bird poop
1,though wind lion told largely eye son every member family identify one character whether sean connery noble brigand candace bergen feisty heroine john huston wily john hay steve kanaly spiffy radiant ruthless lieutenant roosevelt big stick
1,nice
1,owner used work nobu place really similar half price
1,funny
0,service slow not attentive
1,movie well balanced comedy drama thoroughly enjoyed
1,would definitely recommend wing well pizza
1,think one people found another one roth pearl
0,walk theatre minute get relief
1,got ta love close ups slimy drooling teeth
0,strike want rushed
1,positive note server attentive provided great service
0,still bad actress repeating robotic face move picture
0,never insulted felt disrespected
0,scene strong unpleasant
0,mean terrible way
1,first glance lovely bakery cafe nice ambiance clean friendly staff
1,wow loved place
1,love death decay shakespears lyric one
0,fly apple juice fly
0,ironically mostly find film total waste time watch
0,not back
0,food arrives meh
1,character fleshed surprisingly well particularly grime blake actor deliver sharply scripted line right amount deadpan tongue cheek make dialogue hilarious realistic
0,better not dedicated boba tea spot even jenni pho
1,would recommend saving room
0,avoid establishment
1,ursula burton portrayal nun touching funny time making fun nun church
1,atmosphere fun
1,definitely soon
0,no plot
1,talk great customer service course back
1,excellent performance m
0,service bit lacking
1,owner super friendly staff courteous
0,not one make scene restaurant not get definitely lost love one
0,however recent experience particular location not good
0,fat computer geek unbelievable bible thumper bad as girl actor
1,still good actor around
1,struggle find anything bad say
0,last time lunch bad
0,place horrible way overpriced
1,friend loved salmon tartar
0,regardless film fails level
1,unbelievable bargain
0,film use word loosely insult movie going public
0,bad film bad writing good actor ugly cartoon crafted paul haggis people not handle anything bold stroke storytelling picture painted crayon
1,nicest restaurant owner ever come across
0,really bad
0,could not believe dirty oyster
1,felt like gripping intelligent stage play without overly theatrical feeling one actually get watching people stage play everyone terror white lie escalating monstrous consequence
1,outstanding little restaurant best food ever tasted
1,service outshining definitely recommend halibut
0,long whiny pointless
0,felt insulted disrespected could talk judge another human like
1,movie good humorous comment life
1,love
1,great place eat reminds little mom pop shop san francisco bay area
0,disappointed ordered big bay plater
1,great movie
1,delicious
1,true classic
0,not death scene like previous movie f x terrible
0,sat another ten minute finally gave left
0,take business dinner dollar elsewhere
1,went bachi burger friend recommendation not disappointed
0,imdb rating go low awful time get negative number case
1,performed
0,yeah movie pretty much sucked
1,nice spicy tender
0,shameful
0,hour half wish could bring back
0,also feel like chip bought not made house
1,character funny peculiarity not true lead character
1,hope place stick around
0,left frustrated
1,loved casting jimmy buffet science teacher
0,wasted two hour
0,everything gross
0,not busy know
1,film not easily forgotten
0,server negligent need made u feel unwelcome would not suggest place
1,excellent new restaurant experienced frenchman
0,horrible attitude towards customer talk one customer not enjoy food
1,camera really like movie
0,killer not expect anything original even remotely frightening
1,easy love even easy identify
0,not waste time
0,avoid cost
1,wonderful location lie story contrast
1,kathy bates wonderful character subtle desperation escapism variation character play field lord
1,place nice surprise
0,losing marble early proceeding totally implausible unconvincing
1,ambiance incredible
1,loved place
1,not mention combination pear almond bacon big winner
1,thrilled seeing movie like
0,thoroughly disappointed
0,came back cold
0,zero star would give zero star
0,drive thru mean not want wait around half hour food somehow end going make u wait wait
1,really good show watch
0,not recommended
1,kid cool
1,seriously flavorful delight folk
1,tom wilkinson broke heart end everyone else judging amount fumbling hanky hand going face among male female alike
1,good food great atmosphere
1,game rock
1,great place highly recommend
1,steak recommended
0,several moment movie not need excruciatingly slow moving
1,no complaint
0,service terrible though
0,reflected not cast also par script borrowed much earlier classic
0,hour half waste time following bunch pretty high schoolers whine cry life
0,scallop dish quite appalling value well
1,watch however small consolation actress playing anne sister wonderful job role
0,whatever cost much not translate quality sure
1,achille philippa beautifully sing duet giovanni perfectly describes situation movie appreciate subtle layer excellent film
1,john garfield ann revere lilli plmer william conrad canada lee filmed one greatest cinematographer ever grace screen james wong howe
1,john wayne incredible job young movie industry
1,golden crispy delicious
0,buck head really expect better food
0,considering relation screen taylor stanwyck surprising little chemistry screen two
0,unfortunately set u disapppointment entree
1,like armand assante cable company summary sounded interesting watched twice already probably
1,sushi strip place go
0,self proclaimed coffee cafe wildly disappointed
0,almost unbearable watch screen little no charisma terrible comedic timing
1,sam shepard portrayal gung ho marine sobering
1,learn lot real inside emotion people movie lot movie business
0,bad food damn generic
0,least min passed u ordering food arriving not busy
1,good service clean inexpensive boot
0,little music anything speak
1,food rich order accordingly
1,fact hard remember part ray charles acted not played man
0,star trek v final frontier worst series
0,poor remake best friend wedding
0,mediocre miserable hollow laughable predictable piece garbage
0,not even achievement bad good bad memorable movie
1,perfect sit family meal get together friend
1,excellent film
1,thanks good movie like done released
1,liked movie way much
1,staff also friendly efficient
1,great food great service clean friendly setting
1,national treasure
0,mishima extremely uninteresting
1,movie trilogy
1,dessert panna cotta amazing
0,maybe vegetarian fare twice thought average best
0,food average best
0,earth iron film
1,despite pan reviewer liked movie
0,film dropped ball
1,every single character hilarious deserved called lead
1,get incredibly fresh fish prepared care
1,standout scene
1,best part nurse betty unpredictability
0,well keep thinking bad
1,first time not wait next
0,probably one least effective utterly unoriginal film ever seen entire life
1,movie kind long length enjoyed every minute
1,great place fo take eat
1,love margarita
0,puppet look really cheesy not good way like puppet master flick
0,performance not improved improvisation actor twice much worry not whether delivering line well whether line good
0,food quality horrible
1,burger good beef cooked right
1,writer gorman bechard undoubtedly homework reference industry character age appropriate
1,cast good
0,got food poisoning buffet
0,not frightening least barely comprehensible
1,fantastic neighborhood gem
1,bacon hella salty
1,not familiar check
0,way fried
0,thing happen character personality change plot twist occur no real reason script call
0,started watching not believe character
0,bad performance play angela bennett computer expert home time
0,bad everyone else involved not share crowe level dedication quality far better film hand sub par mess
1,anyone right mind ask anything movie
1,cant go wrong food
1,ever movie needed word mouth promote
1,everything could want suspense drama comedy confusing subplots native american brain eating looking end brainsucking movie look no
0,pizza tasted old super chewy not good way
1,overall like place lot
0,rude inconsiderate management
0,not impressed concept food
0,service meh
1,excellent cast story line performance
1,awesome
1,nacho must
0,frankly cotton club unfaithful kind embarrassing watch lane gere film bad
1,know gave
1,interesting premise billy drago always good dangerous nut bag side note love see drago stephen mchattie lance hendrikson flick together talk raging cheekbone
0,avoid cost
1,first visit hiro delight
1,worth drive
1,best buffet town price not beat
1,editing editing film phenomenal opinion
0,table outside also dirty lot time worker not always friendly helpful menu
0,greedy corporation never see another dime
0,instead got bore fest whiny spoiled brat babysitting
0,bad character bad story bad acting
1,friendly staff
0,mom got home immediately got sick bite salad
1,term writing fresh bold
1,fun chef
0,story predictable lazy
0,place honestly blown
1,place good
1,place like chipotle better
1,new fav vega buffet spot
1,macarons insanely good
1,service thought good
0,happened next pretty putting
1,food delicious
0,cashew cream sauce bland vegetable undercooked
1,folk otto always make u feel welcome special
1,
1,later found lost power film
0,bland not liking place number reason not want waste time bad reviewing leave
0,film way long
1,great steak great side great wine amazing dessert
0,bit predictable
0,know not like restaurant something
0,place not quality sushi not quality restaurant
1,high adventure best
0,however much garlic fondue barely edible
0,not really impressed strip steak
1,non linear narration thus many flashback every part articulated quite well
0,awful
1,say food amazing
0,politically correct
1,roast beef sandwich tasted really good
0,time side restaurant almost empty no excuse
1,handle tough issue dignity grace course shocking spoiler
0,dialogue composed thing make little sense
0,hence whole story lack certain energy
0,literally vomited watching film
1,story unfolds th century jutland use period music played period instrument one fine touch
0,got bored watching jessice lange take clothes
1,p scene movie cool central character find room blown
1,best taco town far
0,generally line plot weaker average episode
1,funny clever hip like pray previous film hype
1,insane game
0,summary witticism not witty
0,despite hard rate business actually rare give star
0,understand supposed cheap popcorn comedy not mean completely insult intelligence writing incredibly hackneyed border offensive
1,high quality chicken chicken caesar salad
1,going since every meal awesome
0,probably would not go
0,would not even good made tv flick
1,think wonderful part literally full wonder excerpt work
0,character one dimensional even good guy especially bad guy
0,crackle unpredictable youthful energy honestly found hard follow concentrate meander badly
1,personally think show people learn find compromise self without involving people issue
0,girlfriend veal bad
0,not expecting oscar material
0,would not recommend place
1,movie contained star cast loved opened eye see actor not seen
1,not screamy not masculine right
1,film offer many delight surprise
0,probably irritating show ever seen entire life
1,clever real crowd pleaser film still rank among mickey best film even wonderful year
1,give try happy
1,lovely usual cutie
0,worst salmon sashimi
1,steak well trimmed also perfectly cooked
1,scene often funny occasionally touching character evaluate life going
1,place first pho amazing
0,also fry without doubt worst fry ever
0,film look cheap bland
0,probably dirt
0,hilarious yummy christmas eve dinner remember biggest fail entire trip u
1,performance real gripping crocdodile extremely well done indeed black water website believed used real crocs swamp location fabulous
0,got home see driest damn wing ever
0,completely grossed
1,group claimed would handled u beautifully
0,least think refill water struggle wave minute
0,bipolarity ruthless thug one minute ruthless killer next minute luv diaper commercial completely unconvincing
1,hopefully director james cox turn short feature length film cast win u whole new film
0,bore piece kill momentum movie quicker anyone else
0,thing worse taylor acting stanwyck singing
0,dont think back long time
1,totally absolutely recommend movie anyone like good wholesome family movie exactly
0,nutshell restaraunt smell like combination dirty fish market sewer
1,right red velvet cake ohhh stuff good
0,one not watched recently fox movie channel disappointed
0,poor service waiter made feel like stupid every time came table
0,budget evidently limited
1,food good typical bar food
0,service stink
1,good time
0,main thing not enjoy crowd older crowd around mid
0,th century fox road house not quite silly noir implausible unmitigated bore movie
0,like final blow
0,worse incredibly weak sub plot thrown follows little band latter day mansonites go reporter working story anniversary killing
0,aside terrible lead film load debit
0,staff not friendly wait time served horrible no one even say hi first minute
1,not many word say place everything pretty well
1,best tater tot southwest
0,started tuna sashimi brownish color obviously not fresh
1,also came back check u regularly excellent service
1,saw film recommend
1,could eat bruschetta day devine
0,hated
1,place awesome want something light healthy summer
0,particular relationship bakery assistant waitress not work
0,service little slow considering served people server food coming slow pace
1,excellent performance
1,film give meaning phrase never history human conflict much owed many
0,took back money got outta
0,one worst show time
1,excellently produced one sci fi best producer scot vandiver
1,movie showed lot florida best made look appealing
0,brought fresh batch fry thinking yay something warm no
0,buffet bellagio far anticipated
0,heart attack grill downtown vega absolutely flat lined excuse restaurant
0,food not tasty not say real traditional hunan style
0,service fair best
0,painful
0,call movie drama ridiculous
1,easily none cartoon made laugh tender way getting dark sitcom oriented teenager
1,goat taco not skimp meat wow flavor
0,not know place managed served blandest food ever eaten preparing indian cuisine
1,want sandwich go firehouse
1,best scene movie gerardo trying find song keep running head
1,try airport experience tasty food speedy friendly service
1,perabo nice energy level obviously comfortable front camera
0,sorry really not recommend anyone
0,greasy unhealthy meal
1,highly recommended
0,not relate hell barely understand
1,ordered voodoo pasta first time really excellent pasta since going gluten free several year ago
1,extensive menu provides lot option breakfast
1,not think disappointed
1,really like crepe station
0,food really boring
1,side delish mixed mushroom yukon gold puree white corn beateous
0,problem charge sandwich no bigger subway sub offer better amount vegetable
0,not know big deal place not back ya
0,got food apparently never heard salt batter fish chewy
1,wonderful lil tapa ambience made feel warm fuzzy inside
1,pretty cool would say
1,overall rate movie scale
1,charming film wonderful sentiment heart
1,addition one lovely song ever written french cancan also boast one cutest leading lady ever grace screen
0,not going back
0,script bad bad contains cheesiness unethical joke normally see rated r nc movie
0,lot hole plot nothing became emperor nothing spend year childhood mature age
1,def coming back bowl next time
0,pretty picture world not make piece work flawed core
1,cant say enough good thing place
1,lastly mozzarella stick best thing ordered
0,soundtrack sucked
0,place not worth time let alone vega
1,not afraid subtitle worth little aversion therapy
1,highly recommended
1,wind lion see wonderful rendering america imperial age
1,one better buffet
1,director neil labute us brutal violence seperate dream reality along touching drama hilarious comedy never tell going happen next
1,owns film spacek owned coal miner daughter quaid owned great ball fire
1,feature outlandish array memorable psychotic lovable nut
1,conclusion loved
0,check director filmography site see film not chance
0,take little bad service food suck
1,fantastic food
0,idea lame take minor character mediocre pg film make complete non sequel changing tone pg rated family movie
1,thus far visited twice food absolutely delicious time
0,find movie intelligent even masterful say intelligence imagination obviously used try make sense pitiful attempt human nature try make sense thing
1,interplay martin emilio contains wonderful chemistry saw wall street martin charlie
0,burger not good pizza used amazing doughy flavorless
0,great disappointment
0,disgusted pretty sure human hair
1,also great see renowned silent screenwriter france marion not missed step going silent sound
1,northern humour positive community represents
0,much say place walked expected amazing quickly disappointed
1,fry great
1,pretty surprising wonderful film made hollywood generally collective head sand concerning black white issue time
0,horrible
1,staff friendly joint always clean
0,drive get
1,seriously solid breakfast
0,manager worst
1,believe every one see movie think people outside south africa understand past attempted truth reconciliation process
0,found six inch long piece wire salsa
1,sat riveted tv screen
1,best melville
0,host staff lack better word bitch
1,ample portion good price
1,gave
0,maybe would reasonable explanation atrocity
1,one best italian thriller early
0,zillion time away reality
1,could care le interior beautiful
1,service quick friendly
1,server great job handling large rowdy table
1,entire audience applauded conclusion film
1,deserves star
0,scene oh mature neighbour girl misplace
1,awesome selection beer
0,know jim connor energetic nobody could much george well dull
1,breakfast perpared great beautiful presentation giant slice toast lightly dusted powdered sugar
1,great pork sandwich
0,not back
1,transfer good
1,stopped late may bank holiday rick steve recommendation loved
1,good price
0,service leaf lot desired
1,really really good rice time
1,flavorful perfect amount heat
1,portion huge
1,bathroom clean place well decorated
0,even love bad movie not watch movie
1,first movie given year
0,husband ate lunch disappointed food service
1,not miss
0,insult profound deuchebaggery go outside smoke break serving solidify
0,watching washing machine twirling around not hurt eye much show
1,definitely back
1,brilliant twist ending
0,least said acting better
0,kind hard mess steak
1,well acted done tv movie
0,movie seemed little slow first
0,terrible
0,avoid film cost
1,everything fresh delicious
0,sangria half glass wine full ridiculous
0,drive barking mad
1,place pretty good nice little vibe restaurant
0,not pleasant voyage self discovery
0,red curry much bamboo shoot not tasty
0,feel dining room college cooking course high class dining service slow best
0,movie not funny considering ridiculousness
0,go far many place never seen restaurant serf egg breakfast especially
0,character development also lacked depth
0,acting decidely wooden though no worse period universal b movie
0,exceptionally bad
1,song best muppets hilarious
0,ambiance not feel like buffet setting douchey indoor garden tea biscuit
1,barney definitely super de duper
1,dining space tiny elegantly decorated comfortable
0,point friend basically figured place joke not mind making publicly loudly known
1,classic maine lobster roll fantastic
1,always order vegetarian menu dinner wide array option choose
1,exquisite visual composition moment inventive elegant use close camera angle lighting including pointillistic faux home movie footage wonder joy behold
0,minute footage wasted show mediocre elderly actor awkwardly babbling overwrought pseudo satanic gibberish corny enough make teen goth blush almost always olde english sometimes latin may may not made word
1,definitely worth checking
1,fan genre heaven
1,delicious nyc bagel good selection cream cheese real lox caper even
0,hopefully bodes going business someone cook come
0,also took forever bring u check asked
1,happy
0,bug never showed would given sure side wall bug climbing kitchen
0,dropped ball
1,great brunch spot
1,attention given every character complex psychological portrayal detailing loyalty treachery love hope tremendous
1,cute quaint simple honest
0,lame
0,dialogue sucked
0,rest movie lack art charm meaning emptiness work guess empty
0,chicken pho tasted bland
0,cg opening sequence space looked like could created microsoft slideshow god sake
1,jamie foxx absolutely ray charles
1,ate twice last visit especially enjoyed salmon salad
0,wait minute get drink longer get arepas
0,good thing ticket cost five dollar would mad paid see crap
1,incredible soundtrack truly capture essence film
0,final word show real torture
0,terrible service
1,love
1,not disappointed
0,acting terrible writing worse
0,not returning
0,thing not crazy guacamole not like pur ed
1,juano hernandez exceptional actor played supporting role many film era proud black man accused murdering white man south
1,good cinematography also make monica bellucci look beautiful
0,went lunch service slow
1,back good bbq lighter fare reasonable pricing tell public back old way
1,get inside impressed place
1,lovely little thriller hitchcock lot nice shenanigan surrounding murdered spy kidnapped child nasty church foreign plot random taxidermist
1,also music mark snow possibly best score ever heard
1,carry movie well
1,year however reminded u huston still top game evinced faithful adaptation james joyce acclaimed novella dead
0,result well shame
1,good beer drink selection good food selection
0,film nothing pretext show ridiculous action scene
1,walked away stuffed happy first vega buffet experience
1,make story different terrific production value faultless photography composition editing terrific casting underappreciated brian keith playing bully teddy vivid history
0,go see movie bring pillow girlfriend boyfriend keep occupied
1,definitely go back
1,eaten multiple time time food delicious
0,wife lobster bisque soup lukewarm
0,unless visually collect extant film austen work skip one
1,performance simply genius
0,probably not back honest
0,took hour get food table restaurant food luke warm sever running around like totally overwhelmed
1,understated film leaf lasting impression
1,review long overdue since consider tale two sister single greatest film ever made
1,love pho spring roll oh yummy try
0,lassie movie put sleep forever
1,sergeant pepper beef sandwich auju sauce excellent sandwich well
0,acting beyond abysmal
0,quite honestly often not good
1,go rent
0,please stay away shrimp stir fried noodle
1,believe place great stop huge belly hankering sushi
0,tired clich lazy writing come thick fast
0,drink weak people
1,considering two u left full happy not go wrong
0,not waste time watching rubbish non researched film
1,reasonably priced also
0,worst sappiest dialogue could go
1,poised amazing
0,movie almost no action scene little comedy
0,movie lack visual interest drama expression feeling celebration patriotism underline narrative
1,watched two sunday ago march th began really enjoy time taped entire thing
1,also great directing photography
1,food excellent service good
1,pro large seating area nice bar area great simple drink menu best brick oven pizza homemade dough
1,say would hardest decision honestly dish taste supposed taste amazing
0,highly unrecommended
1,cow tongue cheek taco amazing
1,liked movie like matrix better yet sequel think appreciate thought provoking mindblowing experience film give
1,thoroughly enjoyed christopher eccleston took control tardis continuation series
1,subtle connection three film awesome
0,bored throughout whole damn thing
1,good selection food including massive meatloaf sandwich crispy chicken wrap delish tuna melt tasty burger
1,rate movie
1,great double cheeseburger
1,not forget movie
1,pretty good beer selection
0,much like go back not get passed atrocious service never return
0,slow
0,filmiing le expansive
1,witty delightful adaptation dr seuss book brilliantly animated upa finest thoroughly deserving academy award
0,sorry not getting food anytime soon
1,ray charles legendary
1,simply beautiful
1,bread made house
0,think food flavor texture lacking
0,not thing
1,black water thriller manages completely transcend limitation indie flick continually subverting expectation emerge intense experience
0,regrettably film fails
0,even say torture
0,concert sequence sucked
1,advise anyone go see
1,definately enjoyed
0,chicken wing contained driest chicken meat ever eaten
0,asked multiple time wine list time ignored went hostess got one
0,hackneyed writing certainly made even worse bad directing
1,one nice thing added gratuity bill since party larger not expect tip
0,one worst film ever seen
0,whatever avoid groove antithesis good human traffic
0,service suck
0,highly doubt anyone could ever like trash
1,food delicious bartender attentive personable got great deal
0,imagine every single one decision made wrong
1,beautiful directed film nicola roeg wih sublime cast
0,spend money time place else
0,chicken dish ok beef like shoe leather
1,great sound effect impressive special effect not recommend movie enough
0,directing sloppy best
0,best luck rude non customer service focused new management
1,seriously good pizza expert connisseur topic
1,feeling thought gabriel discomfort dance intangible leap life come within viewer grasp huston portrayal
0,lewis black considerable talent wasted incendiary unrestrained pg rating certainly not allow
0,plot not hang together acting absolutely appalling
0,not take seriously
1,close house low key non fancy affordable price good food
0,disappointed
1,film sole bright spot jonah hill look almost unrecognizable fan recent superbad due amount weight lost interim
0,disappointed movie
1,really hope team behind movie make movie continue kinda weird style
0,overall not impressed would not go back
0,cashier no care ever say still ended wayyy overpriced
1,word content level film enough easily fill dozen film
0,movie bad
0,place eat no circumstance would ever return top list
1,massive level massive unlockable character massive game
0,one thing tolerate political incorrectness well artistic freedom suspension disbelief slavic female character much
0,waited waited
0,presentation food awful
1,lange become great actress
0,tried go lunch madhouse
1,rest cast also play well
1,anne heche utterly convincing
1,not know pulled pork could soooo delicious
0,beware not trashy cult movie trash period
1,totally believable
1,good intention made film great film might one greatest film ever made
1,not small family restaurant fine dining establishment
1,assure back
1,scripting subtle comedy unmatched movie recent year
0,opened sandwich impressed not good way
0,mortified
1,really find funny
0,failed convey broad sweep landscape great part original
1,great movie
0,real sushi lover let honest yama not good
0,predictable even chick flick
1,also serve indian naan bread hummus spicy pine nut sauce world
0,not good money
0,anyway not think go back
1,however pretty good acting least type film
1,fun funny movie
1,went tigerlilly fantastic afternoon
0,one boring horror movie mainly start slow center boring atmosphere
0,not deal good enough would drag establishment
0,not even good camp value
0,movie make sick watching slacker make excuse stupid action minute
1,stopped place madison ironman friendly kind staff
1,movie full wonderful dancing hence title
0,probably would better director not spent movie showcasing art work really not noteworthy
1,practically perfect true masterpiece sea faux masterpiece
1,thing really worth watching scenery house beautiful
1,number one best th game series
1,score mostly plot
0,high hope place since burger cooked charcoal grill unfortunately taste fell flat way flat
0,certainly not mean distinction good way
0,ordered appetizer took minute pizza another minute
0,sashimi poor quality soggy tasteless
0,place lacked style
0,not understand garbage got shelf movie store not even real movie
1,go back next trip
1,kevin spacey excellent verbal tsunami buddy ackerman totally believable great actor
1,check
0,today graphic crap
0,find wasting food despicable not food
0,get simply nothing lower
1,kris kristoffersen good movie really make difference
1,stanwyck morgan perfectly cast many way modern equivalent dickens christmas carol sensibility
1,everything perfect night
0,everything movie stupid
0,truly truly bad film
1,definitely one better documentary seen looking family relationship marriage
1,crouton also taste homemade extra plus
1,classy warm atmosphere fun fresh appetizer succulent steak baseball steak
0,acting like watching wooden puppet moving around reading book bad
0,worst hour half life oh gosh
0,owner really really need quit soooooo cheap let wrap freaking sandwich two paper not one
0,not ever go
0,due fact took minute acknowledged another minute get food kept forgetting thing
0,wish could enter negative value admins
0,food par denny say not good
1,initially local site film filmed buffalo intrigued
1,kind money wasted properly
0,honeslty not taste fresh
0,horrible not waste time money
1,patio seating comfortable
1,story told eloquently francis ford coppola year earlier really unfolds gradually leaf room character develop
1,raw sublimely moving
0,hour minute sheer tedium melodrama horrible acting mess script sinking feeling good lord thinking
1,hayao miyazaki latest eighth film studio ghibili gake no ue no ponyo ponyo cliff sea wonderfully fun imaginative look childhood
1,seen many movie starring jaclyn smith god one best though came year ago
1,excellent
0,pale color instead nice char no flavor
0,place deserves no star
1,love owner chef one authentic japanese cool dude
1,went happy hour great list wine
1,definitely worth checking
1,consider excellent story solid acting look film added bonus
1,everyone attentive providing excellent customer service
1,last minute movie also not bad well
0,bad
1,riot see hugo weaving play sex obsessed gay real estate salesman us client house tryst flaming darren tom hollander
1,seasonal fruit fresh white peach puree
1,not much pasta love homemade hand made pasta thin pizza
1,result powerhouse achievement made timely perhaps culture disturbing fascination celebrity distorted interpretation fame
1,want first say server great perfect service
1,food good
0,service not par either
1,course footage grainy enhanced film
1,heart place
0,movie mind bendingly awful not even created
0,everything bad
0,not good
1,chip sals amazing
0,sauce tasteless
1,angus scrimm also turn good performance somewhat brief memorable role gently menacing violin playing anatomist doctor quinn
0,wanted leave
1,still like movie empowerment woman not enough movie like one
1,chef friendly good job
0,movie littered overt racial slur towards black cast member return white depicted moron boob
0,convention never worked well past certainly not work
0,unfortunately virtue film production work lost regrettable script
0,not going back anytime soon
1,rather enjoyed
1,service friendly inviting
1,good food good service
0,almost everyone involved must return school acting utterly predictable bad script pile garbage round
1,assure not disappointed
0,watched price inflate portion get smaller management attitude grow rapidly
1,actually graphic good time
0,turkey roast beef bland
0,could drive semi truck hole
0,not even hello right
1,guess liked detail dysfunction believable
1,also right balance war love
0,seems like good quick place grab bite familiar pub food favor look elsewhere
0,someone order two taco not think may part customer service ask combo ala cart
0,overall not think would take parent place made similar complaint silently felt
0,death row scene entirely unmoving
0,chilly unremarkable movie author living working chilly abstruse culture
0,took min get milkshake nothing chocolate milk
0,cinematography called sucked
0,movie terribly boring place
1,promise not disappoint
1,good joint
0,no one table thought food average worth wait
1,scream legit book somethat also pretty rare vega
1,wonderful experience made place must stop whenever town
0,guess nobody network aired dribble watched putting
1,place two thumb way
0,chipolte ranch dipping sause tasteless seemed thin watered no heat
0,crust not good
0,sushi lover avoid place mean
1,cashier friendly even brought food
1,never forget
0,not seen not waste time
